novelnumber,contentnumber,novelname,contentname
1,1,셜록 홈즈의 모험,보헤미아의 스캔들
1,2,셜록 홈즈의 모험,붉은 머리 클럽
1,3,셜록 홈즈의 모험,사라진 신랑
1,4,셜록 홈즈의 모험,보스콤 계곡의 괴사건
1,5,셜록 홈즈의 모험,다섯 개의 오렌지씨앗
1,6,셜록 홈즈의 모험,입술 뒤틀린 사나이
1,7,셜록 홈즈의 모험,푸른 홍옥
1,8,셜록 홈즈의 모험,얼룩무늬 끈
1,9,셜록 홈즈의 모험,기술자의 엄지손가락
1,10,셜록 홈즈의 모험,독신 귀족
1,11,셜록 홈즈의 모험,녹주석 보관
1,12,셜록 홈즈의 모험,너도 밤나무 집
2,1,셜록 홈즈의 회상,실버 블레이즈
2,2,셜록 홈즈의 회상,노란 얼굴
2,3,셜록 홈즈의 회상,주식 중개인
2,4,셜록 홈즈의 회상,글로리아 스코트호
2,5,셜록 홈즈의 회상,머스그레이브가의 의식문
2,6,셜록 홈즈의 회상,라이게이트의 수수께끼
2,7,셜록 홈즈의 회상,등이 굽은 사나이
2,8,셜록 홈즈의 회상,입원 환자
2,9,셜록 홈즈의 회상,그리스어 통역관
2,10,셜록 홈즈의 회상,해군조약문사건
2,11,셜록 홈즈의 회상,최후의 사건
3,1,셜록 홈즈의 귀환,빈집의 모험
3,2,셜록 홈즈의 귀환,노어우드의 건축가
3,3,셜록 홈즈의 귀환,춤추는 인형
3,4,셜록 홈즈의 귀환,외로운 자전거 타는 사람
3,5,셜록 홈즈의 귀환,프라이머리학교
3,6,셜록 홈즈의 귀환,블랙 피터
3,7,셜록 홈즈의 귀환,찰스오거스트 밀버튼
3,8,셜록 홈즈의 귀환,여섯 개의 나폴레옹상
3,9,셜록 홈즈의 귀환,세명의 학생
3,10,셜록 홈즈의 귀환,금테 코안경
3,11,셜록 홈즈의 귀환,쓰리쿼터의 실종
3,12,셜록 홈즈의 귀환,아베 농원
3,13,셜록 홈즈의 귀환,두 번째 얼룩
4,1,마지막 인사,위스테리아 별장
4,2,마지막 인사,레드 써클
4,3,마지막 인사,소포 상자
4,4,마지막 인사,부르스 파팅턴 설계도
4,5,마지막 인사,빈사의 탐정
4,6,마지막 인사,레이디 프랜시스 카팍스의 실종
4,7,마지막 인사,악마의 발
4,8,마지막 인사,마지막 인사
5,1,셜록 홈즈의 사건집,고명한 의뢰인
5,2,셜록 홈즈의 사건집,창백한 병사
5,3,셜록 홈즈의 사건집,마자린의 보석
5,4,셜록 홈즈의 사건집,세 박공의 집
5,5,셜록 홈즈의 사건집,서셱스의 흡혈귀
5,6,셜록 홈즈의 사건집,세명의 갈리뎁
5,7,셜록 홈즈의 사건집,소어 다리
5,8,셜록 홈즈의 사건집,기는 사람
5,9,셜록 홈즈의 사건집,사자 갈기
5,10,셜록 홈즈의 사건집,의문의 하숙인
5,11,셜록 홈즈의 사건집,쇼스콤 장
5,12,셜록 홈즈의 사건집,은퇴한 물감장사